Acelen,Bailen,Cadland,Damenti,Easen,Fairbanks,Garbin,Hammerborn,Icefern,Jakdor,Kagroot,Lakespear,Madwood,Nammon,Oakfell,Page,Quentus,Raketun,Samson,Tanksun,Ufflock,Vademir,Wallburg,Xellenfort,Yarson,Zaffir
Achilles,Bailor,Calamie,Darkwood,Easewild,Fairbeak,Garvin,Handberry,Icelock,Jakson,Kander,Larson,Maglian,Nantos,Oakson,Pagus,Quickbow,Raksalion,Sandar,Taproot,Ullam,Vaingold,Wallmen,Xi,Yarvin,Zappata
Ackre,Bainbridge,Calamir,Dawncraw,Eastwood,Fairhaven,Gellin ,Handstone,Iffen,Jarson,Kanderwek,Larvenin,Malvar,Navetusk,Oakstone,Paleros,Quickrun,Rarkstone,Savaan,Tarven,Ullman,Valagrin,Walloman,Xillen,Yarvinin,Zexfort
Adstone,Baldurksin,Caldera,Deckson,Ebbeson,Fairwin,Gellinger,Harmen,Illington,Jatsen,Kannock,Larville,Mangione,Navin,Oaktooth,Palevin,Quicksilver,Rarkus,Savalh,Teafern,Underhill,Valaniis,Wander,,Years,Zi
Adzuts,Baldurson,Cardful,Defebo,Ebson,Falkenwood,Gennik,Harmon,Ireberry,Jatten,Kaproot,Lavodil,Mappin,Neland,Oberin ,Palvirus,Quill,Ravenswood,Saventti,Tellven,Undertow,Valltorm,Wanderwekken,,Yellowbeak,Zweitbar
Anderson,Barrelson,Cardip,Deffin,Ernhaven,Falkon,Gilmord,Hartswold,Ironfeld,Jemmon,Karkonnen,Lavolen,Martin,Neldor,Oberindos,Palvor,Quinton,Redbear,Shunpike,Tengen,Unhilder,Van Gilder,Warren,,Yellowhawk,Zwermann
Anderson,Barretson,Carlisle,Deffindar,Ernhelm,Fallhammer,Gilwood,Hartwood,Issel,Jenzi,Kavinn,Lawfin,Mason,Nellinger,Oberon,Parinos,Quixalion,Redding,Singer,Tenhelm,Urville,Van Wilder,Warrenson,,Yellstar,Zwi
Anzonirus,Barrett,Carrien,Delainey,Espino,Fanders,Gold,Hartwygg,Isslington,Jet,Keeven,Leeveen,Maximoff,Nellison,Oddson,Passerfell,,Redfeather,Singers,Terryberry,Urvington,Vanonus,Warrenton,,Yellvin,Zwiblade
Anzstone,Benson,Carven,Derru,Etson,Fanderwekken,Goldblade,Harvester,Iteblade,Jetblade,Kellinger,Lensington,Medwood,Nelven,Offenbach,Pasteron,,Redfern,Skyfell,Tilder,Urvinne,Vantis,Warron,,,Zwiman
Arcfall,Benzen,Carver,Derryon,Evarius,Farpeak,Goldcatcher,Harvetter,Ittman,Jetlock,Kellington,Lenzi,Midders,Nemo,Offentar,Patersol,,Redhawk,Skyson,Tillerson,Urvintus,Varogin,Waxley,,,
Archibald,Bergervin,Carville,Deudley,Eveborn,Farven,Goldur,Haskins,Ivenson,Jette,Kenhelm,Lexington,Midstell,Nenwick,Oldantus,Patterfel,,Redswallow,Smaliel,Tillsen,Uskhar,Varvin,Wefebo,,,
Archson,Bertram,Cavehawk,Dillan,Evenglade,Feawell,Gorefuss,Haven,Iverland,Jettsen,Kezough,Lightfoot,Mooncatcher,Nero,Oldback,Pattin,,Redtail,Smith,Tillsun,Uttman,Vientue,Weffin,,,
Arcstone,Bertramus,Cherryhill,Dillanfar,Evenwood,Febo,Graftwick,Havlin,Ivers,Jiani,Killbar,Lighthammer,Moondarian,Nesland,Oldfork,Paudet,,Redwood,Smithe,Timber ,Uxley,Vientus,Wekshield,,,
Arcstone,Berwyk,Cornhill,Dillon,Everstone,Fellowton,Gramalking,Hawk,Iverson,Jilders,Killven,Linder,Moonfel,Neslann,Ollag,Paven,,Refen,Smithlin,Timberhawk,,Villingtar,Wellburn,,,
Arctree,Bickford,Coswald,Dillson,Evertt,Fenderer,Grammercy,Hawkeye,Izappa,Jittman,Kingbeak,Linderen,Moonhammer,Nevertide,Olstag,Pavingen,,Reigus,Smithson,Timberson,,,Wellbury,,,
Arcus,Bihjan,Cotton,Dittman,Everwin,Fesland,Grammerhelm,Hawkins,Izzarn,Jonson,Kingshammer,Litblade,Moonjammer,Newland,Oltrex,Paxer,,Revel,Smyth,Tivan,,,Wellings,,,
Ardwick,Bilyan,Crasswick,Dogtooth,Evinland,Fezzel,Grammerstein,Hawkthorn,,Joren,Kingsmith,Litwick,Moontail,Neylan,Ommenoff,Paxsen,,Rexfort,Songbell,Tompsell,,,Wellington,,,
Arnolls,Blackburn,Crosshill,Dormir,Evintus,Fillion,Grayback,Hawthorne,,Jorenfen,Kingson,Lockhammer,Moonwick,Nightcatcher,Ommenog,Paxton,,Reydar,Songwick,Tompsen,,,Wellman,,,
Arrowroot,Blackleah,Crosswick,Dravens,Evoden,Firehelm,Grayhelm,Hebbson,,Jorfin,Kingwalker,Lofflock,Moorcok,Nighthawk,Ooken,Paxxel,,Reyson,Sorre,Tonen,,,Wellmoon,,,
Astersan,Bladeson,Crowclaw,Drewhammer,Evvetson,Firken,Grayson,Hilder,,Jorgin,Kinvek,Longblade,Moowik,Nightlock,Oorshield,Peele ,,Riegal,Sparks ,Torre,,,Wellsdaughter,,,
Avoden,Blaggost,Crowhammer,Drewson,Evvetyor,Flanders,Grayspur,Hilderven,,Jurnin,Kitblade,Longblase,,Nimmons,Oorstone,Peeler,,Rievus,Sparkstone,Townsend,,,Wellsley,,,
Avodil,Blandford,Crowspirit,Drewstone,Exley,Follock,Greenerly,Hill,,,Kitstone,Longfellow,,Nimrock,Orcher,Pelinos,,Rigby,Sparkton,Townsing,,,Wellwood,,,
Avodon,Blandwick,,Dubhorn,,Forstrong,Greenhill,Hoffback,,,Kitt,Lorrit,,Nitslock,Orex,Pelligrin,,Rivodil,Sparrow,Townwin,,,Wenaste,,,
Avvin,Blankley,,Dumaron,,Frankhelm,Greenwood,Holly,,,Koberind,Lovelace,,Nittman,Orion,Polyson,,Roberts,Spice ,Townwood,,,Wenhawk,,,
Axblood,Bluefen,,Dunhem,,Frung,Greffin,Hooper,,,Kormand,Lovelane,,Noonan,Orrion,Poorlock,,Rockbear,Spicer,Towrend,,,Werman,,,
Axley,Bluehawk,,Dunlop,,,Grenik,Hopper,,,Kraken ,,,Noonstone,Orrisend,Prestinan,,Rockberry,Spinndo,Traverson,,,Whiteblade,,,
Azile,Bluehollow,,Dunmore,,,Gresland,Hormer,,,Krakenstone,,,Norwalker,Oskenstone,,,Rockfield,Springhawk,Treatenburg,,,Whitefern,,,
,Blundill,,Durham,,,Grespire,Hornclaw,,,Krannock,,,Norwind,Osspinen,,,Rockpage,Staker,Treebar,,,Whitefoot,,,
,Bolt,,Durmarian ,,,Grespirt,Hotspur,,,Kransen,,,Nummenhof,Oswald,,,Rockson,Stapleton,Treehammer,,,Whitespring,,,
,Bonehand,,Durnham,,,Greyfist,Huntspire,,,Kranson,,,,Overon,,,Romenoff,Stapple,Tullen,,,Wilaon,,,
,Boynton,,Duvall,,,Greylocke,,,,,,,,Oxley,,,Roseberry,Starblade,Tung,,,Wilder,,,
,Boyton,,,,,Greymalkin ,,,,,,,,Ozfin,,,Rosedaughter,Starfaller,Turman,,,Wilfall,,,
,Branderpeak,,,,,Greystone,,,,,,,,,,,Rosefeld,Starfend,Turnham,,,Willdersun,,,
,Branders,,,,,Greytusk,,,,,,,,,,,Rosen,Stark,Turnhelm,,,Willoby,,,
,Brickback,,,,,Griffinly,,,,,,,,,,,Rosenfield,Starkin,Twinfeather,,,Willowhawk,,,
,Bundrock,,,,,Griffiths,,,,,,,,,,,Roslin,Starklin,Twinpeak,,,Willows,,,
,Burton,,,,,Grifgard,,,,,,,,,,,,Starshield,Twinson,,,Willven,,,
,,,,,,Grimm,,,,,,,,,,,,Starwood,Twisp,,,Willvern,,,
,,,,,,Grimshank,,,,,,,,,,,,Stillben,Twist,,,Willvern,,,
,,,,,,Grimshaw,,,,,,,,,,,,Stillhawk,,,,Wiltfoot,,,
,,,,,,Grizwald,,,,,,,,,,,,Sting,,,,Wiltston,,,
,,,,,,Grizwyld,,,,,,,,,,,,Stormwend,,,,Witberry,,,
,,,,,,Grogoire,,,,,,,,,,,,Stormwood,,,,Witblade,,,
,,,,,,Guildford,,,,,,,,,,,,Strawback,,,,Witbury,,,
,,,,,,Guilford,,,,,,,,,,,,Strongbell,,,,Witlock,,,
,,,,,,Gunther,,,,,,,,,,,,Stunpike,,,,Witrock,,,
,,,,,,,,,,,,,,,,,,Sunbear,,,,Witsdaughter,,,
,,,,,,,,,,,,,,,,,,Sunwalker,,,,Woodfen,,,
,,,,,,,,,,,,,,,,,,,,,,Woodfern,,,
,,,,,,,,,,,,,,,,,,,,,,Woodfin,,,
,,,,,,,,,,,,,,,,,,,,,,Woodwick,,,