Abby,Barbara,Cait,Dahlia,Eanna,Fanny,Gabo,Haely,Iara,Jaleen,Kailyn,Laffara,Mabel,Nadine,Odariel,Paige,Qadesh,Rachela,Sabara,Tabita,Uli,Valerize,Warra,Xelli,Yadesha,Zaan
Adina ,Barzara,Caitlyn,Dani,Efania,Feelia,Galeeza,Hagrina,Iendra,Jalla,Kailyn,Laksme,Madrona,Nazira,Odarra,Paloma,Qadesha,Rachette,Sabina,Talika,Ulietta,Valie,Wendy,Xeara,Yanda,Zadie
Aisha,Becka,Camilla,Daniah,Effie,Felinare,Galina,Hailee,Ienta,Jamie,Kari ,Lallani,Maesie,Nelani,Odelie,Pamola,Qiana,Radlyn,Sabiya,Tamara,Uliette,Valiza,Weslee,Xessa,Yarda,Zakee
Akiko,Belinadre,Cammina,Daniella,Efonia,Fella,Gawlenda,Halaria,Igrid,J'arda,Karima,Lara,Malia,Noko,Okenda,Payton,Quandi,Rae,Sabra,Tamma,Ullena,Valori,Wigga,,Yarra,Zakira
Alaine,Belinda,Camora,Danika,Eframana,Fenevere,Geena,Halena,Igrinna,Jarra,Karina,Lavendae,Malie,Nadine,Oki,Pazola,Quartilla,Raevan,Sadhana,Tavenna,Uni,Vanessa,Willa,,Yarvin ,Zala
Alana,Belinda,Candora,Daralyn,Ejede,Fenna,Gelina,Hanna,Illandri,Jasmina,Kasha,Lavinda,Malona,Natalia,Olive,Pelenzada,Queenbeyan,Raffar,Sadzee,Tavna,Urannda,Vania,Willamena,,Yarvinna,Zalamah
Alenoko,Beliza,Carinna,Darcy,Elaina,Fenrah,Geliosa,Hannah,Illandria,Jayne,Kassie,Lavinia,Mandarie,Nathalza,Olivia,Pell,Quenby,Raffaria,Saffron,Tazara,Urra,Vania,Willamenia,,Yasmin,Zalee
Alexa ,Bella,Carlotta,Daria,Elana,Ferdia,Gelioza,Hanzara,I'llania,Jeen,Kassie,Layla,Mandy,Nathazia,Olla,Pelona,Quenna,Rain ,Safia,Telijah,Ursa,Vejede,Winifred,,Yazza,Zaloma
Alexandra,Belle,Carmen,Darja,Elannah,Ferdio,Gella,Hazzin,Illia,Jeffara,Kata,Lazora,Manira,Nan,Ollie,Pen,Quentella,Raina,Safia,Terien,Ursula,Venalia,Winnie,,Yenila,Zanallia
Alexia,Belle,Casie,Darota,Elisa ,Ferla,Geneviere,Hela,Illith,Jella,Kathryn,Ledede,Maria,Neeza,Ollienda,Penella,Queshia,Ramona,Safira,Terra,Ursun,Venda,Wren,,Yenna,Zania
Alhora,Bellina,Cassandra,Dazeen,Elisandre,Feya,Genevieve,Helen,Ina,Jendana,Katia,Leena,Marie,Nezra,Ona,Penelope,Queta,Ranee,Sakira,Terr'vin,,Venia,,,Yesme,Zanira
Ali,Berret,Cassie,Deanna,Eliza,Fia,Gerta,Helena,Indarra,Jerila,Katrijn,Leila,Marie,Neseen,Ondexa,Pennifar,,Ranilda,Sakiri,Tevnelle,,Vera,,,Yialla,Zantariel
Alixa ,Berryl,Cata,Debborah,Elizbet,Fienna,Gesta,Helleen,Indira,Jerilyn,Katya,Lelani,Marria,Niwa,Orchini,Penny,,Rannah,Sakma,Tibaras,,Vespa,,,Yianna,Zantoria
Alixandre,Betaria,Cathryn,Deena,Ella,Fiona,Gia,Hester,Indorra,Jesska,Kecia,Lezlie,Marrisa,Nuzana,Orda,Peonine,,Raphalera,Sakme,Tika,,Vesper,,,Yibba,Zaphira
Alixia,Bethesda,Catlyn,Deera,Ellen ,Fionara,Gigi,Higga,Indra,Jesta,Keema,Lilou,Maven,Nanline,Orisan,Perisel,,Raquela,Salianna,Torra,,Viola,,,Yolanda,Zara
Alora,Bezani,Catlyn,Deevia,Ellena,Firi,Gina,Holli,Indriel,Jewel,Keesa,Linda,May ,Nan,Oveera,Perrianne,,Rashalle,Salima,Tristiel,,Violet,,,Yorra ,Zara
Alva,Bezanney,Catrina,Degede,Ellie,Florencia,Ginger,Holly,Indya,Jeyme,Keila,Linnia,Mayown,Noreen,Ovendra,Perriwin,,Rasheda,Sallaya,,,Violetta,,,Yorrah,Zarika
Alvamira,Bolzari,Catriona,Della,Ellis,Florent,Gisele,Hora,Inis,Jezzika,Keisha,Lisander,Meena,Nelia,Owenna,Philamena,,Rashial,Sally,,,Viri,,,,Zaslan
Ameiko,Braxia,Caycee,Dema,Elouise,Forlani ,Glenna,Horda,Inzel,Jia,Kendall,Litref,Meera,Namora,Owennda,Phillipa,,Rashina,Salma,,,Viv ,,,,ZaZa
Amiko,Bremiko,Caylee,Denise,Elsbara,Forlania,Glinda,Horta ,Inziel,Jocasta,Khloe,Livindae,Melani,,,Phlycia,,Rashina,Samirika,,,Vivianne,,,,Zeila
Annalise,Bressa ,Cebelle,Deryn,Elsbeth,Frances,Godrun,Hortance,Isa,Joleen,Kimber,Livinia,Merisa,,,Phoebe,,Rashina,Sandaira,,,Vivienna,,,,Zella
Anne,Brezia,Celeste,Des,Ema,Francine,Gorlanna,Hortence,Isabeau,Jolie,Kira,Liza,Merisiel,,,Piper,,Raven,Sandira,,,Vorun,,,,Zelli
Anya,Britt,Celestia,Devy,Emeeka,Frankie,Gorra,Horza,Isabelle,Jori,Kiralina,Lizandre,Michaela,,,Polianna,,Ravennia,Sandra,,,,,,,Zenda
Aowfar,Brittani,Celinne,Dextra,Emeera,Fredericka,Gracie,Huma,Isbeth,Jori,Kiraline,Lizbethe,Michelle,,,Polly,,Raxi,Sandy,,,,,,,Zendi
Aowyn,,Charlina,Diama,Emeerika,Fredia,Gracine,Hurla,Isla,Julia,Kirana,Lizz,Mika ,,,Poppy,,Rayn,Sanera,,,,,,,Zenella
Aoyll,,Charlize,Diana,Emesda,Fredricka,Grepilzna,,Izabel,Juliet,Kisa,Lucienne,Mikaela,,,Porshea,,Rayna,Sanisiel,,,,,,,Zenna
April,,Charlotte,Dianne,Emiko,Freyna,Greta,,,Julietta,Klara,Lucy,Mina,,,Premila,,Raynalda,Sannsa,,,,,,,Zera
Aramint,,Chloe,Diazra,Emleth,Fricka,Gwen,,,Jusian,Klaza,Lyndalla,Mindar,,,Prim ,,Reagan,Sansa,,,,,,,Zezbeth
Araminta,,Ciel,Dionara,Emma,,Gwendolyn,,,Jynee,Kory,Lyra,Mona,,,Primrose,,Reana,Satchee,,,,,,,Zilana
Aresia,,Cienna,Dira,Emmy,,Gwenevere,,,Jynne,Kresta,Lyza,Mulana,,,Prudence,,Reanda,Savenna,,,,,,,Zilar 
Aria,,Cike,Doona,Eneka,,Gwenyth,,,,Kyra,,,,,,,Reaney,Sazuki,,,,,,,Zilara
Armennia,,Cindell,Dora,Epreh,,,,,,,,,,,,,Rebekka,Selani,,,,,,,Zo
Aroush,,Cirka,Dora,Eraka,,,,,,,,,,,,,Reem,Selena,,,,,,,Zoe
Artenia,,Cora,Doranna,Eriko,,,,,,,,,,,,,Reena,Selene,,,,,,,Zulimah
Arya,,Corina,Doree,Erleth,,,,,,,,,,,,,Reeva,Selia,,,,,,,Zwenia
Aster,,Cressida,Doreen,Erlyth,,,,,,,,,,,,,Reeza,Senae,,,,,,,
Astoria,,,Doreenia,Erma,,,,,,,,,,,,,Reita,Senaye,,,,,,,
Augusta,,,Dori,Ernesta,,,,,,,,,,,,,Rella,Senrae,,,,,,,
Ava,,,Dorna,Esandra,,,,,,,,,,,,,Renata,Sese,,,,,,,
Avenia,,,Dorra,Eugenia,,,,,,,,,,,,,Reshiel,Sesna,,,,,,,
Averil,,,Dorreen,Eva,,,,,,,,,,,,,Rexalia,Shae,,,,,,,
Averil,,,Dorvee,Evalla,,,,,,,,,,,,,Rexanna,Shaelene,,,,,,,
Averinne,,,Dozeria,Eveena,,,,,,,,,,,,,Rey,Shansa,,,,,,,
Avery,,,Dozzy,Evella,,,,,,,,,,,,,Reychele,Shantele,,,,,,,
Avril,,,Dressna,Evie,,,,,,,,,,,,,Reza,Sharonne,,,,,,,
Axaliz,,,,Evira,,,,,,,,,,,,,Rhemi,Shasta,,,,,,,
Ayala,,,,Evy,,,,,,,,,,,,,Rhodah,Shay,,,,,,,
Azalea,,,,Ezaldra,,,,,,,,,,,,,Rhonwen,Sheila,,,,,,,
Azibell,,,,Ezelia,,,,,,,,,,,,,Rhyan,Shilo,,,,,,,
Azolynn,,,,,,,,,,,,,,,,,Riana,Shira,,,,,,,
,,,,,,,,,,,,,,,,,Riannah,Shireena,,,,,,,
,,,,,,,,,,,,,,,,,Rida,Shirleah,,,,,,,
,,,,,,,,,,,,,,,,,Rigga,Shirna,,,,,,,
,,,,,,,,,,,,,,,,,Rikael,Shonia,,,,,,,
,,,,,,,,,,,,,,,,,Riley,Sia,,,,,,,
,,,,,,,,,,,,,,,,,Rimenia,Siale,,,,,,,
,,,,,,,,,,,,,,,,,Rinah,Sianah,,,,,,,
,,,,,,,,,,,,,,,,,Rindari,Sidni,,,,,,,
,,,,,,,,,,,,,,,,,Rindarrian,Simina,,,,,,,
,,,,,,,,,,,,,,,,,Rindrel,Sirda,,,,,,,
,,,,,,,,,,,,,,,,,Rio,Skilar,,,,,,,
,,,,,,,,,,,,,,,,,Rissa,Skiri,,,,,,,
,,,,,,,,,,,,,,,,,Rochelle,Skmee,,,,,,,
,,,,,,,,,,,,,,,,,Roisa,Skri,,,,,,,
,,,,,,,,,,,,,,,,,Rondell,Sky,,,,,,,
,,,,,,,,,,,,,,,,,Roquel,Skye,,,,,,,
,,,,,,,,,,,,,,,,,Rosanna,Skylah,,,,,,,
,,,,,,,,,,,,,,,,,Rose,Sloan,,,,,,,
,,,,,,,,,,,,,,,,,Rose,Smalia,,,,,,,
,,,,,,,,,,,,,,,,,Rosemarie,Socora,,,,,,,
,,,,,,,,,,,,,,,,,Rosemary,Sofia,,,,,,,
,,,,,,,,,,,,,,,,,Rosie,Sofie,,,,,,,
,,,,,,,,,,,,,,,,,Rowena,Solange,,,,,,,
,,,,,,,,,,,,,,,,,Rowina,Solene,,,,,,,
,,,,,,,,,,,,,,,,,Roxanne,Sonia,,,,,,,
,,,,,,,,,,,,,,,,,Roxi,Sonja,,,,,,,
,,,,,,,,,,,,,,,,,Ruburra,Sonyah,,,,,,,
,,,,,,,,,,,,,,,,,Ruby,Sonza,,,,,,,
,,,,,,,,,,,,,,,,,Rusanti,Sookti,,,,,,,
,,,,,,,,,,,,,,,,,Ruta,Sradlei,,,,,,,
,,,,,,,,,,,,,,,,,Rutha,Starlena,,,,,,,
,,,,,,,,,,,,,,,,,Ruza,Stasia,,,,,,,
,,,,,,,,,,,,,,,,,Ryo,Staziar,,,,,,,
,,,,,,,,,,,,,,,,,Ryta,Suhanne,,,,,,,
,,,,,,,,,,,,,,,,,,Surinna,,,,,,,
,,,,,,,,,,,,,,,,,,Surna,,,,,,,
,,,,,,,,,,,,,,,,,,Suzzanna,,,,,,,
,,,,,,,,,,,,,,,,,,Syal,,,,,,,
,,,,,,,,,,,,,,,,,,Sylen,,,,,,,
,,,,,,,,,,,,,,,,,,Sylena,,,,,,,
,,,,,,,,,,,,,,,,,,Syona,,,,,,,
,,,,,,,,,,,,,,,,,,Syviah,,,,,,,