Abanu,Badin,Caalas,Dabar,Eadenz,Fabrizo,Gabe,Haakon,Iago,Jad,Kade,Labury,Maaf,Nabor,Oberon,Pace,Quellin,Raavim,Salamir,Talisen,Uagon,Vade,Wade,Xain,Yale,Zaber
Abe ,Badrick,Caallaham,Daegon,Eamon,Fabyn,Gabe,Hacim,Iain ,Jadon,Kadryn,Lander,Maal,Nalo,Oberon,Palan,Quellos,Radoz,Salmis,Taliver,Ullman,Valtor,Wailyn,Xaltor,Yarrow,Zadley
Abel,Badryk,Caard,Daegyn,Earl,Fadlin,Gabriel,Hackytt,Iainan,Jak,Kael,Landers,Mac,Naniel,Odin,Paleros,Quentin,Radson,Salvin,Tam,Uman,Van ,Wallace,Xander,Yarsit,Zago
Abram,Baird,Caarl,Daenell,Earl,Fairfax,Gael,Haddi,Iakona,Jakkon,Kahill,Lane,Maddox,Nate,Oferion,Paolo,Quenton,Raihan,Sam,Tambor,Unat,Vance,Walli,Xavier,Yedd,Zain
Abramnam,Baker,Cabe,Dak,Earland,Faizal,Gage,Hadeon,Iakoza,Jallen,Kahyr,Larry,Maddoz,Nate,Oliver,Paralan,Quim,Ramon,Samin,Tamers,Urden,Vandar,Walter,Xayd,Yelabin,Zalamir
Adain,Balatiq,Cadall,Dal,Earvin,Falamin,Gailtos,Hadrien,Ian,Jallup,Kai,Larus,Madds,Nathan ,Olwen,Paramir,Quinn,Rask,Sandris,Tamnor,Urex,Vander,Waltor,Xellin,Yelavin,Zalastrin
Adair,Baldar,Cadbey,Dalaney,Earzem,Falamir,Gaius,Hadwinn,Iantos,Jamie,Kai,Laurance,Mads,Nathanial,Orian,Pariim,Quint ,Raskon,Sanford,Tanat,Url,Vantos,Waltorn,Xennin,Yellin,Zamerin
Adam,Baldemar,Caddak,Dale,Eastibil,Falco,Galbraith,Hageb,Iantus,Jamie,Kaislav,Lawry,Maldern,Nathaniar,Orin,Paris,Quintul,Rathius,Santos,Tandor,Urvell,Vax,Ward,,Yen,Zami 
Adan,Balder,Caddock,Dale,Easton,Faleros,Galilino,Hagen,Iben,Janzen,Kaldwell,Lax,Malk ,Naviir,Orion,Parker,Quintus,Ratoy,Selden,Tandris,Urven,Velenos,Warren,,Yon,Zamie
Adar,Baldmar,Cadmar,Dalman,Eaton,Falkbert,Galin,Haidar,Ibrimir,Jase,Kalhoum,Laxton,Malken,Naviit,Orion,Pase,Quirl,Raz,Seldon,Tarvin,Ustanov,Veppers,Warzell,,,Zammeriin
Adommus,Baldric ,Cadwallen,Dalton,Eben,Falkner,Gallagher,Hailwell,Ibsen,Jasek,Kartland,Layton,Malkin,Navin,Oris,Passlan,Quispen,Rebault,Serge,Tavrin,Uston,Vesley,Wellben,,,Zanaran
Adon,Baldrick,Caedfer,Damario,Eberhard,Falkoz,Galloway,Haji,Idderick,Jasken,Karvek,Lazar,Maltazar,Navrisan,Ortego,Patrick,Quistar,Reese,Sergus,Tedd,Utanion,Vexley,Weller,,,Zandae
Adrian,Baldwin,Cael,Damien,Ebert,Fallor,Gallum,Hakin,Iddrick,Jasper,Karver,Lazerus,Maltizar,Navryn,Ortegus,Pax,Quistevan,Regenauld,Sevem,Tellander,Utarios,Viktor,Wellmen,,,Zander
Adzin,Balmar,Caffin,Damion,Ebo,Falmor,Galt,Hakin,Ide,Jasper ,Kason,Leem,Malvin,Nay,Orthus,Payton,Quiven,Reggie,Seven,Tellmund,Uzrun,Villem,Wendell,,,Zann
Aerwyck,Bancroft,Cafill,Dammos,Eccelinno,Farakor,Galton,Hako,Idmon,Jassik,Katal,Lesig,Manus,Nazanial,Oscar,Pellos,Quizzel,Reggie,Shaevon,Terrel,,Villhelm,Wesley,,,Zantos
Afarmis,Barach,Cahil ,Damon,Edderick,Farmir,Galvay,Hal,Idris,Jazar,Kato,Lesmas,Markus,Nazon,Oskan,Pender,,Reginald,Sheldon,Terrington,,Vin,Wilgem,,,Zantus
Agater,Baradin,Cahill,Dana,Eddie,Farralir,Galven,Halbert,Idryss,Jazon,Kavar,Lester,Martiin,Neemo,Oskar,Percifen,,Restavan,Shelton,Terry ,,Viran,Wilhelm,,,Zarles
Agus,Baradine,Cai,Danden,Eddrick,Farrand,Galvin,Halburt,Ieke,Jeffers ,Kay ,Levrin,Marvin,Nel ,Osklin,Percy,,Reuben,Shep,Terryon,,Visnos,Willamet,,,Zatavin
Aiden,Baradon,Caius,D'Andre,Ede,Farrell,Galwynn,Halcyon,Iestir,Jeffersan,Kayleb,Lex ,Marzino,Neldern,Othelian,Perox,,Revers,Simon,Thorne,,,Willem,,,Zataz
Aiken,Barclay,Caizlo,Danforth,Edgar,Farrook,Galzpar,Haldan,Ifans,Jeffrey,Kee,Lexor,Mason,Nelin,Othello,Perry,,Rex,Simor,Tibbault,,,William,,,Zavier
Airden,Bard,Calahan,Danielson,Edge,Farrow,Gamal,Hall,Ifor,Jeggus,Keenam,Leztor,Mason,Nelvin,Otis,Perzival,,Rian,Skaffrey,Tim,,,Willis,,,Zax
Airen,Barden,Calbert,Daniul,Edgen,Fatinar,Gamble,Halleigh,Iforzo,Jeldern,Keenan,Liam,Mastalin,Nestor,Owen,Peter,,Rian,Skip,Timmoty,,,Wills,,,Zayd
Ajani,Bardick,Calder,Daniz,Edii,Fausto,Gambyl,Hallon,Igal,Jenner,Kejl,Lindon,Mateo,Nethan,Owen,Petriche,,Riker,Skipic,Timon ,,,Wilson,,,Zayn
Akre,Bardil,Caldwell,Danniel,Edmon,Fayette,Gamerin,Hallvard,Iggy,Jennig,Kendall,Lionel,Mathaseus,Nevin,Oz ,Pieter,,Riley,Spence,Timothy,,,Wilton,,,Zed
Aladian,Bardon,Cale,Dannis,Edmund,Fedorza,Gamlin,Hallward,Ignacius,Jenning ,Kendar,Lionel,Mathazi,Nibin,Ozello,Pilarn,,Riven,Spence,Tir ,,,Wolf ,,,Zedden
Alakin,Bardur,Caleb,Dannyl,Edom,Feek,Gannon,Halmut,Ignaz,Jennings,Kennlith,Lionus,Mathius,Ni'ito,Ozius,Pilson,,River,Spencer,Tirven,,,Wolfgang,,,Zeddus
Albers,Bardyn,Calhelm,Dansil,Edryck,Felip,Gard,Halonar,Igor,Jeric,Kennyth,Listen,Matizar,Nillmet,Ozius,Plavir,,Rivon,Spender,Tmin,,,,,,Zeemus
Albert,Barin,Calhoun,Darbee,Edsellon,Felix,Gardnar,Halsey,Ilerios,Jerrik,Kensie,Lloyd,Matt ,Nimban,Ozzie,Plax,,Rizandir,Spenser,Tmir,,,,,,Zekk
Albert,Barnabus,Calistoph,Dard,Edson,Felton,Garenth,Halstead,Ileros,Jerrit,Kern,Logan,Matthesius,Nimon,,Pleem,,Rizken,Spike,Tmon,,,,,,Zelander
Aldir,Barnaby,Calix,Darence,Edwaldo,Feodor,Gareth,Halston,Illan,Jerry,Kerr,London,Max,Nino,,Prater,,Rob,Spinault,Tod,,,,,,Zeldon
Aldor,Barnett,Calix,Darg,Efrani,Ferdinan,Garian,Halvers,Illard,Jessert,Kessert,Lorn,Maxfield,Ninwe,,Pratt,,Robart,Stamner,Tomas,,,,,,Zellen
Aldor,Barney,Callum,Daril,Egbert,Ferdinand,Garion,Halvor,Illix,Jessyrt,Kevin,Lorne,Maz,Nirrit,,Prentice,,Robert,Stan,Tordis,,,,,,Zellin
Aldrick,Baron,Calven,Darin,Egen,Fergus,Garnier,Hamed,Iltamus,Jon,Kevin,Lorris,Maza,Norbin,,Pruvis,,Roberto,Stanford,Torvul,,,,,,Zen
Aldwen,Barradin,Cameron,Dario,Egmount,Fergus,Garok,Hamelton,Iman,Jon,Key ,,Mazan,Normantus,,,,Robin,Stanis,Trandis,,,,,,Zerl
Alfie,Barredith,Cameros,Darius,Eilief,Ferko,Garrard,Hamidy,Imaro,Jonas,Keyth,,Mazan,Norton,,,,Robitt,Stanley,Trandor,,,,,,Zerrik
Alfie,Barric,Camidor,Darkon,Einfeld,Ferrars,Garrek,Hamill,Imbert,Jonathon,Khaim ,,Mazdar,Nox,,,,Robyn,Stanley,Trask,,,,,,Zodd
Alfonz,Barris,Cane,Darnel,Eirian,Ferrys,Garrent,Hamlet,Inar,Jordan,Kiirk,,Mazerin,,,,,Rogan,Stann,Travindus,,,,,,Zranley
Alfred,Barron,Cappa,Darren,Eiton,Feryn,Garrin,Hamlyn,Indraz,Jugo,Kir ,,Mazin,,,,,Rogers,Stepjic,Travis,,,,,,Zulen
Alian,Bart,Cardul,Darrin,Elam,Festus,Garryck,Hammar,Ingmar,,Kiran,,Melcor,,,,,Ronnie,Stevaniar,Traviz,,,,,,
Alin,Barth,Carlisle,Darryl,Elan,Fiir,Garryt,Hammet,Ingram,,Kiren,,Meldern,,,,,Rostaros,Stowe,Trax,,,,,,
Alix,Barthel,Carlos,Darvel ,Elben,Filbert,Garth,Hammett,Iniko,,Kistro,,Meldorn,,,,,Rozat,Svenen,Traxl,,,,,,
Allen,Bartholomew,Carlton,Darvenun,Eldun,Fin,Garton,Hammish,Inir,,Koran,,Melvin,,,,,Runin,Svenn ,Traxton,,,,,,
Alvers,Bartholomus,Carmine,Daryl,Eleck,Findley,Garund,Hammond,Ioan,,Kornyth,,Merl ,,,,,Rupert,Svenndar,Traymin,,,,,,
Alvert,Bartimus,Carrick,Davee,Elek,Fineas,Garvax,Hamnet,Ioman,,Kovar,,Merlino,,,,,Ryland,,Trevario,,,,,,
Amal,Baskon,Carrik,Daven,Elezar,Finelion,Garve,Hampson,Iomar,,Kovax,,Mertok,,,,,,,Trevor,,,,,,
Amari,Basu,Carswell,David,Elgan,Finian,Garver,Handel,Iomer,,Krandor,,Mervin,,,,,,,Trey,,,,,,
Ander ,Basyr,Carter,Davis,Eli,Finnegan,Garvin,Handley,Ivaan,,Kyle,,Mezani,,,,,,,Treyvan,,,,,,
Anders,Battista,Cartez,Davit,Eli,Finnezar,Garviz,Hanford,Ivannir,,,,Mezon,,,,,,,Treyvon,,,,,,
Andor,Baxter,Cartright,Davos,Eliann,Fiorezzo,Garvus,Hank,,,,,Milo,,,,,,,Ture,,,,,,
Andrema,Bays,Carvel,Dav'rin,Elias,Firth,Garwin,Hank,,,,,Mirvir,,,,,,,Ty,,,,,,
Andrew,Beacher,Casey,Dawsin,Eliaz,Firus,Garwood,Hank,,,,,Moldor,,,,,,,Tymr,,,,,,
Angus,Bear,Cash,Dawson,Eliot,Fitzgerard,Garyk,Hannizal,,,,,Morton,,,,,,,Tymyr,,,,,,
Anson,Beckhamm,Casius,Dax,Elizardin,Fitzhugh,Garyth,Hansel,,,,,Motzar,,,,,,,,,,,,,
Anton,Beecher,Caslav,Dax,Elke,Fitzroy,Gaspent,Hanus,,,,,,,,,,,,,,,,,,
Antonio,Beldon,Casper,Daye,Elkyn,Fitzwald,Gasper,Harden,,,,,,,,,,,,,,,,,,
Antony,Beloc,Cassem,Dayle,Ellis,Flanders,Gasper,Harding,,,,,,,,,,,,,,,,,,
Anzil,Belos,Cassien,Dayv,Ellis,Flash,Gaston ,Hardon,,,,,,,,,,,,,,,,,,
Anzonio,Ben ,Cathmor,Dearbon,Elliz,Flazius,Gavin,Hardun,,,,,,,,,,,,,,,,,,
Anzony,Benjamin,Cavan,Deavon,Elmarr,Flemming,Gavinryn,Hardun,,,,,,,,,,,,,,,,,,
Apfel,Benjin,Cawley,Dech,Elon,Fletcher,Gavril,Hardwyn,,,,,,,,,,,,,,,,,,
Aratham,Benson,Cayro,Decimus,Elrad,Flimore,Gavril,Haresh,,,,,,,,,,,,,,,,,,
Arcus,Bentlye,Cecil,Deen,Elroy,Flinn,Gawain,Hargreve,,,,,,,,,,,,,,,,,,
Arel,Beresford,Cedro,Deevan,Elton,Flint,Gax,Hargrove,,,,,,,,,,,,,,,,,,
Arfel,Bergivin,Cesar,Deffin,Elvin,Flitwick,Gaydin,Hariell,,,,,,,,,,,,,,,,,,
Argus,Berkleah,Chad,Deffir,Elvindar,Flix,Gaylor,Harkin,,,,,,,,,,,,,,,,,,
Arinn,Bern,Chadwick,Dekel,Elwood,Florio,Gaynor,Harkyn,,,,,,,,,,,,,,,,,,
Arman,Bernie,Chago,Dekyln,Elwynn,Floyd,Gazar,Harlow,,,,,,,,,,,,,,,,,,
Aroll,Berringar,Chalos,Delhelm,Elzon,Floyfre,Gazo,Harman,,,,,,,,,,,,,,,,,,
Arrux,Bertran ,Chanan,Dellmir,Emad,Foluke,Gazparzen,Harmenus,,,,,,,,,,,,,,,,,,
Artie,Bertrand,Chance,Demetir,Emerson,Fontaine,Geary,Harmin,,,,,,,,,,,,,,,,,,
Artimus,Besos,Chancy,Dempsey,Emile,Fonz,Gemalli,Harold,,,,,,,,,,,,,,,,,,
Arturo,Bevin,Chandler,Denison,Emilio,Forbes,Genaro,Harper ,,,,,,,,,,,,,,,,,,
Arujo,Bezos,Chandon,Denmen,Emmerick,Ford,Gene,Harpex,,,,,,,,,,,,,,,,,,
Arykk,Biff,Charampios,Denton,Emmett,Fordyn,Gent,Harree,,,,,,,,,,,,,,,,,,
Asfar,Biflen,Charles,Denu,Emmit,Forest,Geoff,Harrington,,,,,,,,,,,,,,,,,,
Asten,Bill,Charwyk,Derik,Enapai,Fortanan,George,Harrison,,,,,,,,,,,,,,,,,,
Aster,Billand,Chase,Dermott,Enderez,Frank,Gervais,Harriz,,,,,,,,,,,,,,,,,,
Atom,Billu,Chase,Deros,Endrykas,Frank ,Gerwyne,Harrod,,,,,,,,,,,,,,,,,,
Audrey,Binkendar,Chaucer,Derrak,Enestor,Franklin,Gesar,Harry,,,,,,,,,,,,,,,,,,
Austen,Binkentios,Cheng,Derrik,Engleburt,Franko,Gesham,Hart,,,,,,,,,,,,,,,,,,
Auzten,Birgendo,Chester,Devon,Enric,Franz ,Gibor,Hartvig,,,,,,,,,,,,,,,,,,
Avery,Bishop,Christo,Devor,Enright,Franzen,Gilad,Harwynn,,,,,,,,,,,,,,,,,,
Avis,Bislen,Christof,Dewan ,Enzo,Fray,Gilbert,Haskell,,,,,,,,,,,,,,,,,,
Avril,Bistar,Churrin,Dex ,Eoin,Frazien,Gilders,Haslett,,,,,,,,,,,,,,,,,,
Axalnor,Blade,Clancy,Dexter,Erek,Frazier,Giles,Hastings,,,,,,,,,,,,,,,,,,
Axel,Blake,Clavers,Deymour,Erik,Fredderis,Gill,Havelock,,,,,,,,,,,,,,,,,,
Axel,Blayne,Clay,Diaz,Ermand,Freddi,Gillet,Havelocke,,,,,,,,,,,,,,,,,,
Axelrod,Bledri,Clete,Dickon,Ernest,Freddie,Gillwen,Havigin,,,,,,,,,,,,,,,,,,
Axil,Bodin,Cliff,Dikon,Ernie,Freddizzo,Gilmore,Hawk,,,,,,,,,,,,,,,,,,
Axley,Bok,Clint,Diondar,Ernie,Frederick,Gilroy,Hawkeye,,,,,,,,,,,,,,,,,,
Axly,Boradin,Clive,Dirk,Ernil,Frederick,Gladwin,Hawley,,,,,,,,,,,,,,,,,,
Axyl,Bormeros,Cob,Dirken,Errell,Freidan,Glazer,Hayes,,,,,,,,,,,,,,,,,,
Azam,Bosmir,Coburn,Donahu,Erret,Fremont,Godfrey,Haynes,,,,,,,,,,,,,,,,,,
Azam,Bradlun,Coby,Donatyen,Erroll,Frewin,Goldwin,Haywood,,,,,,,,,,,,,,,,,,
Azar,Brahm,Coen,Donavan,Erstwick,Frick,Gordon,Hazani,,,,,,,,,,,,,,,,,,
Azimir,Bran ,Colim,Dorrit,Ervem,Fridmar,Gordon,Hazel,,,,,,,,,,,,,,,,,,
Aziz,Brand,Colimir,Doug ,Ervin,Fridmund,Gorgol,Heath,,,,,,,,,,,,,,,,,,
Azizi,Brandle,Colin,Douglaas,Esaw,Fridoff,Gorman,Heaton,,,,,,,,,,,,,,,,,,
Azud,Brandon,Collum,Douglas,Esburne,Frigmund,Gorus,Hectir,,,,,,,,,,,,,,,,,,
,Branlin,Corbanos,Dover,Eskil,Frowin,Gothax,Hector,,,,,,,,,,,,,,,,,,
,Brax,Corben,Doverin,Eskyl,Fulleman,Gothmar,Hedley,,,,,,,,,,,,,,,,,,
,Brent,Cordan,Dragyn,Etien,Fuller ,Gothna,Heilo,,,,,,,,,,,,,,,,,,
,Brock,Cornelius,Draj,Eugene,Fullerton,Grandon,Heinwick,,,,,,,,,,,,,,,,,,
,Brodin,Corwyn,Drake,Evan,Fulton,Grant,Helmut,,,,,,,,,,,,,,,,,,
,Bruno,Costello,Draper,Evengy,Fuzen,Gravin,Henley,,,,,,,,,,,,,,,,,,
,Burk,Crawley,Draper,Evondan,Fydore,Graydon,Henru,,,,,,,,,,,,,,,,,,
,Burke,Crispen,Droggo,Ewald,Fyllyk,Gregor,Henryck,,,,,,,,,,,,,,,,,,
,Burl ,Crispin,Drummund,Ewan,Fynion,Gregus,Henz,,,,,,,,,,,,,,,,,,
,Burnabus,Cristallven,Dryden,Ewold,Fynyn,Greig,Herbert,,,,,,,,,,,,,,,,,,
,Burnaby,Curris,Dugger,Eyddwyn,,Griffin,Hercule,,,,,,,,,,,,,,,,,,
,Burr ,Currit,Duglan,Ezikiel,,Griffith,Herman,,,,,,,,,,,,,,,,,,
,Burril,Curtis,Durant,Ezra,,Guestus,Herod,,,,,,,,,,,,,,,,,,
,Burt,,Duree,Ezren,,Guntar,Hersh,,,,,,,,,,,,,,,,,,
,Buster,,Durwood,,,Guntero,Hibos,,,,,,,,,,,,,,,,,,
,Butch,,Dusteen,,,Guryon,Hildebrand,,,,,,,,,,,,,,,,,,
,Byrian,,Dutch,,,Gustav,Hildrichos,,,,,,,,,,,,,,,,,,
,Byron,,Duysell,,,Gustonio,Hilix,,,,,,,,,,,,,,,,,,
,Bysh,,,,,Guy,Hilton,,,,,,,,,,,,,,,,,,
,,,,,,Gwern,Himesh,,,,,,,,,,,,,,,,,,
,,,,,,,Holbart,,,,,,,,,,,,,,,,,,
,,,,,,,Holmes,,,,,,,,,,,,,,,,,,
,,,,,,,Horatio,,,,,,,,,,,,,,,,,,
,,,,,,,Horus,,,,,,,,,,,,,,,,,,
,,,,,,,Howe ,,,,,,,,,,,,,,,,,,
,,,,,,,Howie,,,,,,,,,,,,,,,,,,
,,,,,,,Hoyle,,,,,,,,,,,,,,,,,,
,,,,,,,Hradek,,,,,,,,,,,,,,,,,,
,,,,,,,Hugo,,,,,,,,,,,,,,,,,,
,,,,,,,Hugo,,,,,,,,,,,,,,,,,,
,,,,,,,Hume,,,,,,,,,,,,,,,,,,
,,,,,,,Humphrey,,,,,,,,,,,,,,,,,,
,,,,,,,Hunt ,,,,,,,,,,,,,,,,,,
,,,,,,,Hunter,,,,,,,,,,,,,,,,,,
,,,,,,,Hunter,,,,,,,,,,,,,,,,,,
,,,,,,,Hux,,,,,,,,,,,,,,,,,,
,,,,,,,Huzzo,,,,,,,,,,,,,,,,,,
,,,,,,,Hywell,,,,,,,,,,,,,,,,,,